video_url,comment,published_at
https://www.youtube.com/watch?v=Q7R8P_HuQ-M,ì—ì´ê·¸ë…¸ë²¨ìƒ ì´ë³‘ê±´,2024-12-05
https://www.youtube.com/watch?v=Q7R8P_HuQ-M,ì§„ì§œ ã„±ê¸€ ì—ì„œ í† ì¹´ì¸ ì—ì„œ ë°©ì†¡ í•˜ì‹œë˜ë¶„ ì§„ì§œ ìž¼ìžˆì–´  ë‹¤ì‹œë³´ê³  ì‹¶ì–´ì„œ ê°€ë³´ìž ã…‹ã…‹ã…‹ã…‹,2024-12-06
https://www.youtube.com/watch?v=Q7R8P_HuQ-M,ê°ëŒì•˜ë„¤,2024-12-06
https://www.youtube.com/watch?v=Q7R8P_HuQ-M,ì•„ë‹ˆ ê·¼ë° í˜¼ìžì„œë„ ë‚˜ì•¼.. ì¿ í¼.. í• ìˆ˜ë„ ìžˆìž–ì•„? ë‚˜ë§Œ ê·¸ëž˜? ë‚˜ë§Œ ì“°ë ˆê¸°ì•¼?,2024-12-06
https://www.youtube.com/watch?v=Q7R8P_HuQ-M,ì°¨ëŒì§¬ë½• ì§€ëŠ¥ì„¤ ì´ê·¸ë…¸ë²¨ í™”í•™ìƒ ì¹¨ì°©ë§¨,2024-12-06
https://www.youtube.com/watch?v=Q7R8P_HuQ-M,ë‹¤ìœˆìƒ í›„ë³´ê°€ ë°”ë¡œ ë– ì˜¤ë¥´ëŠ”ë°?,2024-12-06
https://www.youtube.com/watch?v=Q7R8P_HuQ-M,34:50,2024-12-06
https://www.youtube.com/watch?v=Q7R8P_HuQ-M,ìƒì¼ì•„ ë³‘ê±´ ì¶•í•˜í•œë‹¤~,2024-12-06
https://www.youtube.com/watch?v=Q7R8P_HuQ-M,"0:03 
ì˜êµ­ ì •ë¶€ ê³¼í•™ ê³ ë¬¸ ë¡œë²„íŠ¸ ë©”ì´
í•œêµ­ ê³¼í•™ ê³ ë¬¸ ê¶¤ë„",2024-12-06
https://www.youtube.com/watch?v=Q7R8P_HuQ-M,ê¶¤ë„ëŠ” ë˜¥ë°©êµ¬ ì•„ë‹ˆë©´ ê¼¬ì¶”ë„¤,2024-12-06
https://www.youtube.com/watch?v=Q7R8P_HuQ-M,54:37,2024-12-06
https://www.youtube.com/watch?v=Q7R8P_HuQ-M,33:00,2024-12-06
https://www.youtube.com/watch?v=Q7R8P_HuQ-M,31:44 ë°•ì‚¬ë‹˜..,2024-12-06
https://www.youtube.com/watch?v=Q7R8P_HuQ-M,ê°ëŒì•„ ã…ˆã„´ ì›ƒê¸°ë„¤ ã…‹ã…‹ã…‹ã…‹ã…‹ã…‹ã…‹ã…‹ã…‹ã…‹ã…‹ã…‹ã…‹ã…‹ã…‹,2024-12-06
https://www.youtube.com/watch?v=Q7R8P_HuQ-M,ìš°ë¦¬ë„ ì´ì œ ì´ê·¸ë…¸ë²¨í‰í™”ìƒ ë°›ì„ ìˆ˜ ìžˆê² ëŠ”ë°ðŸ˜…,2024-12-06
https://www.youtube.com/watch?v=Q7R8P_HuQ-M,35:08,2024-12-06
https://www.youtube.com/watch?v=Q7R8P_HuQ-M,í† ë„¤ì´ë„ ë‹­í„¸ì€ ê°œì›ƒê¸°ë„¤ ã…‹ã…‹,2024-12-06
https://www.youtube.com/watch?v=Q7R8P_HuQ-M,ì§§ë‹¤ë§¤,2024-12-06
https://www.youtube.com/watch?v=Q7R8P_HuQ-M,21:48,2024-12-06
https://www.youtube.com/watch?v=Q7R8P_HuQ-M,ë‘˜ì´ ì´ì œ ë„˜ë‚˜ ì¹œí•´ë³´ì—¬ì„œ ë” ìž¬ë°Œë„¤ìš” ìº¬ìº¬ìº¬ ëŠ¦ì—ˆì§€ë§Œ ìƒì‹ ì¶•í•˜ë“œë¦½ë‹ˆë‹¤ ë°©ìž¥ë‹˜ðŸ˜™,2024-12-06
https://www.youtube.com/watch?v=Q7R8P_HuQ-M,ê·¸ëŸ¬ë‹ˆê¹Œ ì´ê·¸ë…¸ë²¨ìƒì˜ í•µì‹¬ì€ 'ë…¼ë¬¸'ì¸ê±°ì£ ?,2024-12-06
https://www.youtube.com/watch?v=Q7R8P_HuQ-M,ì •ë§ ìœ ?ìµí•˜ê³  ìž¬ë¯¸ìžˆë‹¤ ê¶¤ë„ ë§¤ì¼ë§¤ì¼ ë‚˜ì˜¤ìž ì•ˆë‚˜ì˜¤ë©´ ë§¤ì¼ë§¤ì¼ ê³µì¤‘ì œë¹„ ëŒê±°ì•¼,2024-12-06
https://www.youtube.com/watch?v=Q7R8P_HuQ-M,"ê¶¤ë„ë‹˜ ì§„ì§œ ì¹¨íˆ¬ë¶€ ì–´ì›Œë“œ ë­ ë°›ê³ ì‹¶ìœ¼ì‹ ê°€ë³´ë‹¤
ì—°ë§ì— ì´ì •ë„ì˜ í™”ë ¥..ì—­ì‹œ ê³¼í•™ë¯¼ìˆ˜ì˜ í’ˆê²©",2024-12-06
https://www.youtube.com/watch?v=Q7R8P_HuQ-M,ðŸŽ‰ðŸŽ‰,2024-12-06
https://www.youtube.com/watch?v=Q7R8P_HuQ-M,ë‹¤ìœˆìƒ í›„ë³´ ìš°ë¦¬ë‚˜ë¼ì— ìžˆëŠ”ë°,2024-12-06
https://www.youtube.com/watch?v=Q7R8P_HuQ-M,ë§ˆë¬´ë¦¬ ë„˜ ê°ë™ì ðŸ¥¹,2024-12-06
https://www.youtube.com/watch?v=Q7R8P_HuQ-M,42:05 ê·¸ëŸ¼ ì•ˆë“œë ˆ í”¼ìž„ ì•„ë‹Œê°€ìš”?,2024-12-06
https://www.youtube.com/watch?v=Q7R8P_HuQ-M,ì‡¼ì¸ ë§ê³  ë¡±í¼ì˜¬ë ¤ì£¼ì„¸ìš©,2024-12-05
https://www.youtube.com/watch?v=Q7R8P_HuQ-M,15:48 ì–´ë¼.. ì–´ì§¸ì„œ ëˆˆë¬¼ì´â€¦.ðŸ˜¢,2024-12-05
https://www.youtube.com/watch?v=Q7R8P_HuQ-M,ì•„ ê¶¤ë„ ê°œì›ƒê²¨ì§„ì§´ã…‹ã…‹ã…‹,2024-12-05
https://www.youtube.com/watch?v=Q7R8P_HuQ-M,"ì•„ ìƒì¼ ì¶•í•˜í•´ì£¼ë ¤ ê·¸ëž¬ëŠ”ë°.. ì§€ë‚˜ë²„ë ¸ë„¤...
ì•„ ìƒì¼ 5ì¼ì´ì§€ ë§ì§€~",2024-12-05
https://www.youtube.com/watch?v=Q7R8P_HuQ-M,ìƒì¶•ðŸŽ‰,2024-12-05
https://www.youtube.com/watch?v=Q7R8P_HuQ-M,"â€œê·¸ë‚  ë‚´ê°€ ì˜ˆë£¨ì‚´ë ˜ì„ ëª¨ë“  ë¯¼ì¡±ë“¤ì—ê²Œ ë¬´ê±°ìš´ ëŒì´ ë˜ê²Œ í•  ê²ƒì´ë‹¤. ê·¸ ëŒì„ ë“¤ë ¤ê³  í•˜ëŠ” ìžëŠ” ëª¨ë‘ í° ìƒì²˜ë¥¼ ìž…ì„ ê²ƒì´ë‹¤. ì„¸ìƒì˜ ëª¨ë“  ë¯¼ì¡±ë“¤ì´ í•¨ê»˜ ëª¨ì—¬ ì˜ˆë£¨ì‚´ë ˜ì„ ì¹˜ë ¤ê³  í•  ê²ƒì´ë‹¤.â€
â€­â€­ìŠ¤ê°€ëž´ì„œâ€¬ â€­12â€¬:â€­3â€¬ â€­",2024-12-05
https://www.youtube.com/watch?v=Q7R8P_HuQ-M,ë‚˜ì˜ ìž ì¹œêµ¬,2024-12-05
https://www.youtube.com/watch?v=Q7R8P_HuQ-M,20:11,2024-12-05
https://www.youtube.com/watch?v=Q7R8P_HuQ-M,ì™”ë‹¤ ë‚´ ê°„ìž¥ê²Œìž¥,2024-12-05
https://www.youtube.com/watch?v=Q7R8P_HuQ-M,ë³‘ê±´ì•„ ìƒì¼ì¶•í•˜í•´ ì˜¤ëž˜ê°€ìžðŸŽ‰ðŸŽ‰,2024-12-05
https://www.youtube.com/watch?v=Q7R8P_HuQ-M,ìƒì¼ì¶•í•˜í•´ìš” ë³‘ê±´ë‹˜ ëŠ˜ ìž¬ë°ŒëŠ” ì˜ìƒ ì˜¬ë ¤ì£¼ì…”ì„œ ê°ì‚¬í•´ìš” ì˜ì˜ì´ëž‘ ì˜ë§˜ë‹˜ì´ëž‘ ë”ì—†ì´ í–‰ë³µí•œ í•˜ë£¨ ë³´ë‚´ì‹œê¸¸ ë°”ë¼ìš”,2024-12-05
https://www.youtube.com/watch?v=Q7R8P_HuQ-M,ìƒì‹  ì¶•í•˜ë“œë¦½ë‹ˆë‹¤ðŸŽ‰ðŸŽ‰â¤â¤,2024-12-05
https://www.youtube.com/watch?v=Q7R8P_HuQ-M,ì™”ë‹¤ ë‚´ ìƒˆë¡œìš´ ìˆ˜ë©´ì œ,2024-12-05
https://www.youtube.com/watch?v=Q7R8P_HuQ-M,Igno rant ì¸ì¤„ì•Œì•˜ë”ë‹ˆ igno bleì´êµ¬ë‚˜,2024-12-05
https://www.youtube.com/watch?v=Q7R8P_HuQ-M,'ê´´ë„ ì¿ í¼',2024-12-05
https://www.youtube.com/watch?v=Q7R8P_HuQ-M,"""ì¿ í¼ë¯¼ìˆ˜""",2024-12-05
https://www.youtube.com/watch?v=Q7R8P_HuQ-M,ì•„ ìŒë‹´íŒ¨ì„¤ ë†ë„ ë¯¸ì³¤ë„¤,2024-12-05
https://www.youtube.com/watch?v=Q7R8P_HuQ-M,ì¹¨íˆ¬ë¶€ í´ëž˜ì‹ì— ê³¼ê±°ì— ì£¼íŽ„ì´ ìžˆì—ˆë‹¤ë©´ ì´ì œëŠ” ê¶¤ë„ê°€ í´ëž˜ì‹ì´ë‹¤.. ëŠ˜ ë¨¹ë˜ ë§› ìŒ~ ì¢‹ì•„,2024-12-05
https://www.youtube.com/watch?v=Q7R8P_HuQ-M,ã…Šã…‹ã…ã…‹ðŸŽ‰,2024-12-05
https://www.youtube.com/watch?v=Q7R8P_HuQ-M,ìƒì¼ì¶•í•˜í•´ìš” ë°©ì†¡ ì˜¤ëž˜í•´ì£¼ê³  ê±´ê°•í•˜ì„¸ìš”,2024-12-05
https://www.youtube.com/watch?v=Q7R8P_HuQ-M,ì§„ì§œ ê¶¤ë„ë‹˜ ìžì£¼ì¢€ ì™€ì£¼ì„¸ìš”;; ì˜›ë‚  ì„¤ëª…íšŒë¥¼ ëª‡ë²ˆì„ ëŒë ¤ë³´ëŠ”ì§€ ëª¨ë¥´ê² ì–´ìš”,2024-12-05
https://www.youtube.com/watch?v=Q7R8P_HuQ-M,ê¶¤ë„ë‹˜ ë‚˜ì˜¬ë•Œë§ˆë‹¤ ì¹¨ì°©ë§¨ ëŠ¥ì§€ ê¸‰ìƒìŠ¹í•˜ëŠ”ê±° ì§„ì§œ ì‹ ê¸°í•˜ë‹¤,2024-12-05
https://www.youtube.com/watch?v=Q7R8P_HuQ-M,3:07 ë©ì²­í•œ ì‚¬ëžŒ ëª»ì•Œì•„ë“£ê²Œ ìž˜ ë¹„ê¼¬ê²Œ ìƒê¸°ì‹¬ ì‹¬ìŠ¨ì—ì„œ ë³¸ ë“¯,2024-12-05
https://www.youtube.com/watch?v=Q7R8P_HuQ-M,"ìƒì¼ ì¶•í•˜ë“œë ¤ìš” ì¹¨ì°©ë§¨ë‹˜. 
ëª‡ë…„ê°„ ì¹¨ì°©ë§¨ë‹˜ì´ ì œ ë‹¨ì¡°ë¡œìš´ ì¼ìƒì— ê°€ìž¥ í° ë‚™ì´ì—ˆìŠµë‹ˆë‹¤.
ì•žìœ¼ë¡œë„ ìŠ¹ìŠ¹ìž¥êµ¬ í•˜ì‹œêµ¬
ì €ë¥¼ í¬í•¨í•œ ì‹œì²­ìžë“¤ì„ í–‰ë³µí•˜ê²Œ í•´ì£¼ì…”ì„œ ì§„ì‹¬ìœ¼ë¡œ ê°ì‚¬í•©ë‹ˆë‹¤.
ë©€ë¦¬ì„œ í•­ìƒ ì‘ì›í•˜ê² ìŠµë‹ˆë‹¤.
ì¸ê°„ ì´ë³‘ê±´ê³¼ ê°™ì€ ì„¸ëŒ€ì— íƒœì–´ë‚˜ 
ì¹¨ì°©ë§¨ë‹˜ì„ ì•Œê²Œ ëœ ê²Œ ì œê² ì •ë§ í° ë³µìž…ë‹ˆë‹¤. íƒœì–´ë‚˜ì£¼ì…”ì„œ ê°ì‚¬í•©ë‹ˆë‹¤.",2024-12-05
https://www.youtube.com/watch?v=Q7R8P_HuQ-M,ë°¤ê½ƒë¯¼ìˆ˜ ã„·ã„·,2024-12-05
https://www.youtube.com/watch?v=Q7R8P_HuQ-M,ê°œìž¬ë°Œë„¤ ê¶¤ë„ ì˜ìƒ ì²˜ìŒë¶€í„° ëê¹Œì§€ ì˜¤ëžœë§Œì— ë³¸ë‹¤,2024-12-05
https://www.youtube.com/watch?v=Q7R8P_HuQ-M,ê¹€ì˜í•˜ ìž‘ê°€ì˜ ê²€ì€ê½ƒì—ë„ ë©•ì‹œì½”ë¡œ ì´ì£¼í•œ ë¹„ì°¸í•œ ì¡°ì„ ì¸ì´ ì •ì‚¬ë¥¼ ë‚˜ëˆ„ë ¤ê³ í•˜ëŠ” ì¤‘ìš”í•œ ìˆœê°„ì— ë°©ê·€ë¥¼ í„°ëœ¨ë¦¬ëŠ” ìž¥ë©´ì´ ë‚˜ì˜¤ëŠ”ë° ê³¼í•™ì  ê·¼ê±°ê°€ ìžˆì—ˆë„¤ìš”,2024-12-05
https://www.youtube.com/watch?v=Q7R8P_HuQ-M,ì™„ë²½í•œ ê²°ë¡ . ì—­ì‹œ ê¶¤ë„ë‹¤. ìµœê³ ë‹¤. ê°ì‚¬í•˜ë‹¤.,2024-12-05
https://www.youtube.com/watch?v=Q7R8P_HuQ-M,"ìƒì¼ ì¶•í•˜ë“œë ¤ìš” ì»´ë‹¤ìš´ë§¨
ë•ë¶„ì— ì›ƒìœ¼ë©´ì„œ ì‚½ë‹ˆë‹¤",2024-12-05
https://www.youtube.com/watch?v=Q7R8P_HuQ-M,"ì•„ ì¿ í¼ ë°•ì‚¬ë‹˜ ë§ˆì¤‘ ì–˜ê¸°ì—ì„œ ìžì¡´ì‹¬ ìƒí•˜ê²Œ í„°ì§ã…‹ã…‹ã…‹ã…‹ã…‹ã…‹ã…‹
ì´ ì´ê²Œ ê³¼í•™ ì»¤ë®¤ë‹ˆì¼€ì´í„°....?",2024-12-05
https://www.youtube.com/watch?v=Q7R8P_HuQ-M,ë°¤ê½ƒíƒì • ê°œì›ƒê¸°ë„¤,2024-12-05
https://www.youtube.com/watch?v=Q7R8P_HuQ-M,ìƒì´ê¸€ì¶•í•˜í•´ìš” ì•„ì €ì‹œ,2024-12-05
https://www.youtube.com/watch?v=Q7R8P_HuQ-M,ë¬´ì¹œ ì¿ í¼ë°•ì‚¬,2024-12-05
https://www.youtube.com/watch?v=Q7R8P_HuQ-M,1:03:00 ì˜¬í•´ ì¡°ì •ì‹ ëª¨ì˜ê³ ì‚¬ ìž¥ë¬¸ë…í•´ì— ë‚˜ì™”ë˜ ë‚´ìš©ì´ë„¤ìš”!!!ã…‹ã…‹ã…‹ã…‹,2024-12-05
https://www.youtube.com/watch?v=Q7R8P_HuQ-M,ê¶¤ë„ê°€ ì ¤ì¢‹ì•„,2024-12-05
https://www.youtube.com/watch?v=Q7R8P_HuQ-M,ì´ë²ˆì€ ì§„ì§œ ë…¸ë”± ë°›ê² ëŠ”ë° ã„·ã„·,2024-12-05
https://www.youtube.com/watch?v=Q7R8P_HuQ-M,45:59,2024-12-05
https://www.youtube.com/watch?v=Q7R8P_HuQ-M,ê¶¤ë„ ì¿ í¼ë°•ì‚¬ë‹˜ ê°•ì—° ìˆ˜ìœ„ê°€ ë„˜ ì•„ìŠ¬ì•„ìŠ¬í•´ìš”ðŸ˜…,2024-12-05
https://www.youtube.com/watch?v=Q7R8P_HuQ-M,"0:24 ì´ë‹¤ìŒì— ì›ƒëŠ”ê±° ã„¹ã…‡ ë¶ˆì—¬ì‹œë‹¤â€¦ ê¶¤ë„í•œí…Œ ê¸°ëŒ€ë©´ì„œ ë„˜ì–´ê°€ëŠ”ê²Œ,,,",2024-12-05
https://www.youtube.com/watch?v=Q7R8P_HuQ-M,ìƒì¼ ì¶•í•˜í•´ìš” ì•„ì¡°ì”¨,2024-12-05
https://www.youtube.com/watch?v=Q7R8P_HuQ-M,ìƒì¼ì¶•í•˜í•´ìš” ë°©ìž¥ëŠ¼~~~ðŸŽ‰ðŸŽ‰,2024-12-05
https://www.youtube.com/watch?v=Q7R8P_HuQ-M,í˜¼ìž í•˜ê³  ë‹¤ ë‹¦ê³  ìž…ì—ˆì§€ë§Œ ìž”ì • ê°™ì€ê²Œ ìžˆì„ ìˆ˜ë„ ìžˆì§€ ì•Šì‘µë‹ˆê½ˆì•„,2024-12-05
https://www.youtube.com/watch?v=Q7R8P_HuQ-M,"ê¶¤ë„ê°€ ì¢‹ì•„í•˜ëŠ” ê±° : ë˜¥, ë°©êµ¬, ê³ ì¶”, ì¿ í¼ë°•ì‚¬",2024-12-05
https://www.youtube.com/watch?v=Q7R8P_HuQ-M,"ìƒì¼ ì¶•í•˜í•©ë‹ˆë‹¤~ ìƒì¼ ì¶•í•˜í•©ë‹ˆë‹¤~
ì‚¬ëž‘í•˜ëŠ” ì¹¨ì°©ë§¨~ ìƒì¼ ì¶•í•˜í•©ë‹ˆë‹¤~~ ðŸ˜ŠðŸŽ‰",2024-12-05
https://www.youtube.com/watch?v=Q7R8P_HuQ-M,ì›ì´ˆì ì´ë„¤,2024-12-05
https://www.youtube.com/watch?v=Q7R8P_HuQ-M,26:10 ìŠ¤ì»¹í¬ë§¨ì´ë„¤,2024-12-05
https://www.youtube.com/watch?v=Q7R8P_HuQ-M,â¤ðŸŽ‰ðŸŽ‰ ìƒì¼ ì¶•í•˜ë“œë ¤ìš” ðŸŽ‰ðŸŽ‰â¤,2024-12-05
https://www.youtube.com/watch?v=Q7R8P_HuQ-M,ìƒì¼ ì¶•í•˜ìš”~!,2024-12-05
https://www.youtube.com/watch?v=Q7R8P_HuQ-M,ì˜ìƒ ê¸¸ì´ê°€ ê¶¤ë„ìŠ¤ëŸ½ë‹¤,2024-12-05
https://www.youtube.com/watch?v=Q7R8P_HuQ-M,ìƒì‹  ì¶•í•˜ë“œë¦½ë‹ˆë‹¤!! â¤â¤ í•­ìƒ ë³´ê³  ì‘ì›í•©ë‹ˆë‹¤!!â¤â¤,2024-12-05
https://www.youtube.com/watch?v=Q7R8P_HuQ-M,í­íƒ„ ìš°íŽ¸ì„ ë°˜ì†¡ëœ ì²™ í•´ì„œ ë³´ë‚¸ê±°ë©´?? ì™„ì „ë²”ì£„?,2024-12-05
https://www.youtube.com/watch?v=Q7R8P_HuQ-M,ìƒì¼ì¶•í•˜í•´ìš”~~â˜†,2024-12-05
https://www.youtube.com/watch?v=Q7R8P_HuQ-M,ê¶¤ë„ì¿ í¼ë‹˜ ì§„ê¸‰ì¶•í•˜ë“œë¦½ë‹ˆë‹¤,2024-12-05
https://www.youtube.com/watch?v=Q7R8P_HuQ-M,15:40,2024-12-05
https://www.youtube.com/watch?v=Q7R8P_HuQ-M,ì‹¤í—˜ì´ ë‹¤ ì¹¨ì°©ë§¨ê°™ì€ ì‹¤í—˜ì´ë¼ ì§ˆë¬¸í•  ë•Œ ëŒ€ë¶€ë¶„ ì •ë‹µì´ë„¤ã…‹ã…‹ã…‹ã…‹ã…‹ã…‹ã…‹ã…‹ã…‹ã…‹ã…‹,2024-12-05
https://www.youtube.com/watch?v=Q7R8P_HuQ-M,29:32 ë³‘ê±´ì”¨ëŠ” êµ¬ë…• ë¹¤ìŠ¤ë¥¼ ìž…ëŠ”ë‹¤...,2024-12-05
https://www.youtube.com/watch?v=Q7R8P_HuQ-M,ê²ë„¤ì›ƒê¸°ë„¤,2024-12-05
https://www.youtube.com/watch?v=Q7R8P_HuQ-M,ì˜êµ¬ ì—†ë‹¤~,2024-12-05
https://www.youtube.com/watch?v=Q7R8P_HuQ-M,ì´ê·¸ë…¸ë²¨ìƒ ë‚´ìš© ë„ˆë¬´ ì•Œì°¨ê³  ìž¬ë°Œì–´ìš”. ìµœê³ !!!,2024-12-05
https://www.youtube.com/watch?v=Q7R8P_HuQ-M,ëŒ€ë³‘ê±´ì˜ ìƒì‹ ì„ ì¶•í•˜ë“œë¦½ë‹ˆë‹¤,2024-12-05
https://www.youtube.com/watch?v=Q7R8P_HuQ-M,ê¶¤ë„ ìµœê³ ë‹¤ ì§„ì§œã…‹ã…‹ã…‹,2024-12-05
https://www.youtube.com/watch?v=Q7R8P_HuQ-M,7:00 ì§±êµ¬ ê·¹ìž¥íŒ ì•…ë‹¹ì´ëž˜ ã…‹ã…‹ã…‹ã…‹ã…‹ã…‹ã…‹ ëŠë‚Œìžˆì–´ ã…‹ã…‹ã…‹ã…‹ã…‹ã…‹ã…‹,2024-12-05
https://www.youtube.com/watch?v=Q7R8P_HuQ-M,ë³‘ê±´ì´ ìƒì¼ì–˜ê¸° ë°–ì— ì•ˆë‚˜ì™€ì„œ ìŠ¬í”ˆ ê¶¤ë„ ê°œì¶” ðŸ˜¢ðŸ˜¢,2024-12-05
https://www.youtube.com/watch?v=Q7R8P_HuQ-M,15:06,2024-12-05
https://www.youtube.com/watch?v=Q7R8P_HuQ-M,"""ë˜¥ë°©ê·€ ì¿ í¼ ê¶¤ë„""",2024-12-05
https://www.youtube.com/watch?v=Q7R8P_HuQ-M,ì¹¨ì°©ë§¨ í•˜ìŠ¤í• ë•Œ ê°•ì‚¬ì²˜ëŸ¼ ì†ì— ì¥ëŠ” ë§ˆì´í¬ ìž¡ê³  í•˜ëŠ”ê±° ì¡´ë‚˜ ì›ƒê²¼ì—ˆëŠ”ë° ìµœê·¼ì—” ì•ˆí•˜ëŠ”ê±´ê°€,2024-12-05
https://www.youtube.com/watch?v=Q7R8P_HuQ-M,ìƒì‹ ì¶•í•˜ë“œë ¤ìš” ë°©ìž¥ë‹˜!!,2024-12-05
https://www.youtube.com/watch?v=Q7R8P_HuQ-M,ë³‘ê±´ì´í˜• ìƒì¼ ì¶•í•˜í•©ë‹ˆë‹¤,2024-12-05
https://www.youtube.com/watch?v=Q7R8P_HuQ-M,22:57,2024-12-05
https://www.youtube.com/watch?v=Q7R8P_HuQ-M,â€œë¶ˆë¥œì„ ì €ì§€ë¥´ë©´ ì¿ í¼ë°•ì‚¬ë‹˜ì´ ë§ˆì¤‘ì„ ë‚˜ì˜¨ë‹¤ëŠ” ì–˜ê¸°ê°€ ìžˆë‹¤. ë‚˜ëŠ” ì´ ì´ì•¼ê¸°ë¥¼ ë¬´ì²™ ì¢‹ì•„í•œë‹¤.â€,2024-12-05
https://www.youtube.com/watch?v=Q7R8P_HuQ-M,ìƒì¼ ëˆ„ë¦¬ëŠë¼ ê³ ì •ëŒ“ê¸€ ì—†ëŠ” ê°œë°©ìž¥,2024-12-05
https://www.youtube.com/watch?v=Q7R8P_HuQ-M,ë“œë””ì–´ ì™”ë‹¤ ë‚´ ìˆ˜ë©´ì œ,2024-12-05
https://www.youtube.com/watch?v=Q7R8P_HuQ-M,ë‚´ë§˜ì† ì´ê·¸ë…¸ë²¨ìƒ ë³‘ê±´ë§¨,2024-12-05
https://www.youtube.com/watch?v=Q7R8P_HuQ-M,"ì´ê·¸ë…¸ë²¨ìƒ ë³¼ë•Œë§ˆë‹¤ í…Œì´í”„ë¡œ ë…¸ë²¨ìƒ íƒ€ë‚¸ ì•ˆë“œë ˆ ê°€ìž„ì¢Œê°€ ìƒê°ë‚¨
ê°œêµ¬ë¦¬í•œí…Œ ê³µì¤‘ ë¶€ì–‘ ë¬´ê³µ ê°€ë¥´ì³ì„œ ì´ê·¸ë…¸ë²¨ìƒì„ íƒ€ë‚´ì‹¬",2024-12-05
https://www.youtube.com/watch?v=Q7R8P_HuQ-M,ë³‘ê±´í–„ ã……ã…Š,2024-12-05
https://www.youtube.com/watch?v=Q7R8P_HuQ-M,ìƒì‹ ì¶•í•˜ë“œë¦¬ì˜µë‹ˆë‹¤ðŸŽ‰ðŸŽ‰ðŸŽ‰,2024-12-05
https://www.youtube.com/watch?v=Q7R8P_HuQ-M,3:39 ë‚˜ ì´ ì‚¬ì—° ê°œì›ƒê¸´ë° ë‘˜ì´ ë³„ë¡œ ì•ˆì›ƒì–´ì„œ ì•„ì‰¬ì›€ ã…‹ã…‹ðŸ˜‚,2024-12-05
https://www.youtube.com/watch?v=Q7R8P_HuQ-M,23:02 í˜¸ë¡œë¡œë¡œë¡œã…—ë¡¥!!,2024-12-05
https://www.youtube.com/watch?v=Q7R8P_HuQ-M,32:36 ì´ì•¼ê¸°ë¥¼ ì°½ì¡°í•˜ëŠ”ìž ì¹¨ì°©ë§¨ ì½”ìš°ë¼ë©´ ê°€ëŠ¥í•¨,2024-12-05
https://www.youtube.com/watch?v=Q7R8P_HuQ-M,ì§‘ì´ ê°€ê¹Œìš°ë©´ ë” ì§€ê°í•œë‹¤ëŠ”ê±¸ ì—°êµ¬í•˜ê³  ê³¼í•™ì ìœ¼ë¡œ ì¦ëª…í•˜ë©´ ì´ê·¸ë…¸ë²¨ìƒ ë°›ì„ë¼ë‚˜,2024-12-05
https://www.youtube.com/watch?v=Q7R8P_HuQ-M,ë³‘ê±´ì•„ íƒœì–´ë‚˜ì¤˜ì„œ ê³ ë§ˆì›Œ~,2024-12-05
https://www.youtube.com/watch?v=Q7R8P_HuQ-M,íŒ©íŠ¸)ê¶¤ë„ë‹˜ì€ ìž‘ë…„ ì•ˆë ê³¼í•™ 100ë§Œ ê¸°ë… ì˜¤í”„ë°©ì†¡ì—ì„œë„ ì•ˆë ê³¼í•™ ì´ì•¼ê¸°ë³´ë‹¨ ì¹¨íŠœë¸Œ ì–´ì›Œë“œ ìƒ ë°›ê³  ì‹¶ë‹¤ëŠ” ì´ì•¼ê¸°ë§Œ í–ˆë‹¤,2024-12-05
https://www.youtube.com/watch?v=Q7R8P_HuQ-M,ì¹¨ì°©ë§¨ ë¬´ìŠ¨ ì‹ ë“¤ë¦°ê²ƒì²˜ëŸ¼ ë§žížˆë„¤,2024-12-05
https://www.youtube.com/watch?v=Q7R8P_HuQ-M,2:44 ì¹¨ì°©ë§¨ ë§ì´ ë„ˆë¬´ ì‹¬í•œê±° ì•„ë‹Œê°€ ìƒê°í–ˆëŠ”ë° ì´ì™œì§„...?,2024-12-05
https://www.youtube.com/watch?v=Q7R8P_HuQ-M,ì´ë²ˆê±° ì—„ì²­ ì›ƒê¸°ë„¤ ã…‹ã…‹ã…‹ã…‹ã…‹,2024-12-05
https://www.youtube.com/watch?v=Q7R8P_HuQ-M,ë°©ìž¥ ìƒì¼ì¶•í•˜í•©ë‹ˆë‹¤ðŸŽ‰ðŸŽ‰ðŸŽ‰,2024-12-05
https://www.youtube.com/watch?v=Q7R8P_HuQ-M,48:17 ë” ìž‘ì€ ê³µì´ ê¸°ì£½ì–´ì„œ ë” ì•„ëž˜ë¡œ ì¶• ì³ì§„ ê±° ì•„ë‹˜?,2024-12-05
https://www.youtube.com/watch?v=Q7R8P_HuQ-M,ì˜¤ëŠ˜ ìƒì¼ì´ì‹œêµ°ìš” ì¶•í•˜ë“œë¦½ë‹ˆë‹¤ ìš”ì¦˜ ì–´ì´ì—†ë‹¤ ì—„ì²­ í•˜ì‹œëŠ”ë° ì–´ì´ì—†ë‹¤,2024-12-05
https://www.youtube.com/watch?v=Q7R8P_HuQ-M,ì´ê·¸ë…¸ë²¨ìƒ í˜„ëŒ€íŽ¸ íŠ¹ê°•í•˜ëŸ¬ ë¹¨ë¦¬ ë‹¤ì‹œ ëŒì•„ì™€ìš” ê¶¤ë„ì”¨,2024-12-05
https://www.youtube.com/watch?v=Q7R8P_HuQ-M,49:04 ì§„ì§œ ìˆ­í•œë° ë°©ê·€ ë¬¸í•™ìƒì´ëž‘ ì´ê±° ë„ˆë¬´ ì›ƒê¹€ ã…‹ã…‹ã…‹ã…‹ã…‹ã…‹ã…‹ ì´ ê·¸ë¦¼ì€ ë‹¤ì‹œë´ë„ ë„ˆë¬´ ì›ƒê²¨ì„œ ë°°ê°€ ë‹¤ ì•„í”„ë„¤ ã…‹ã…‹ã…‹ã…‹ã…‹ã…‹ã…‹ã…‹,2024-12-05
https://www.youtube.com/watch?v=Q7R8P_HuQ-M,ë³‘ê±´ë‹˜ì˜ íƒ„ìƒì¼. êµ¬ë…ìžë“¤ì€ ì§„ì‹¬ìœ¼ë¡œ ê¸°ì©ë‹ˆë‹¤. íƒœì–´ë‚˜ì£¼ì…”ì„œ ê°ì‚¬í•©ë‹ˆë‹¤. ì¹¨ë§¨ì„ ë‚³ìœ¼ì‹œê³  í‚¤ìš°ì‹œê³  ê¸°ë¥´ì‹  ë¶€ëª¨ë‹˜ê»˜ë„ ê°ì‚¬ë“œë¦½ë‹ˆë‹¤.ðŸ™‡â€â™€ï¸,2024-12-05
https://www.youtube.com/watch?v=Q7R8P_HuQ-M,ì˜¤ëŠ˜ì€ ì¸ë„¤ì¼ ì•ˆê´‘ì•ˆë‚˜ì˜¤ë„¤ ì•„ì‰½ðŸ˜‚,2024-12-05
https://www.youtube.com/watch?v=Q7R8P_HuQ-M,ì´ë³‘!ì´ë³‘ê±°ë‹ˆ ìƒì¼ ì¶•í•˜í•´â¤,2024-12-05
https://www.youtube.com/watch?v=Q7R8P_HuQ-M,ì¹¨ì €ì”¨ ì˜¤ëž˜ ì‚¬ì„¸ìš”,2024-12-05
https://www.youtube.com/watch?v=Q7R8P_HuQ-M,ë°©ìž¥ì˜ ìƒì‹ ë‚  ê¶¤ë„ë‹˜ ì˜ìƒ ë„ˆë¬´ ê·€í•˜ë‹¤ ìƒì‹  ì¶•í•˜ë“œë¦¬ê³  ê¶¤ë„ë‹˜ ë„ˆë¬´ ì¢‹ì•„,2024-12-05
https://www.youtube.com/watch?v=Q7R8P_HuQ-M,"ðŸŽ‰ðŸ¥³ðŸŽŠðŸŽ‚ðŸ’ðŸŽˆ
ìš°ë¦¬ ìš°ë¦¬ ê°œë°©ìž¥",2024-12-05
https://www.youtube.com/watch?v=Q7R8P_HuQ-M,ìƒì¼ì¶•í•˜í•©ë‹ˆë‹¤ ë°©ìž¥ë‹˜ ì˜¤ëž˜ì˜¤ëž˜ ê±´ê°•í•˜ê²Œ ë°©ì†¡í•´ì£¼ì„¸ìš” â¤,2024-12-05
https://www.youtube.com/watch?v=Q7R8P_HuQ-M,ì´ë³‘ê±´ íƒ„ìƒì¼ ì¶•í•˜í•´~ðŸŽ‰,2024-12-05
https://www.youtube.com/watch?v=Q7R8P_HuQ-M,ì´ê²ƒë§Œ ê¸°ë‹¤ë ¸ë‹¤,2024-12-05
https://www.youtube.com/watch?v=Q7R8P_HuQ-M,ã…Žã„·ã„·,2024-12-05
https://www.youtube.com/watch?v=Q7R8P_HuQ-M,"ì•„ì§ ì•ˆë´¤ì§€ë§Œ
ì´ê±´ ì§„ì§œ ìž¬ë¯¸ì—†ì„ìˆ˜ê°€ì—†ë‹¤",2024-12-05
https://www.youtube.com/watch?v=Q7R8P_HuQ-M,ê¶¤ë„ê°€ ë°›ì•„ì•¼ í•˜ëŠ” ìƒ,2024-12-05
https://www.youtube.com/watch?v=Q7R8P_HuQ-M,ë³‘ê±´ì´ ê·€ë¹ ì§„ ë‚ ì´ëž˜~~~ ë‹¤ë“¤ ì¶•í•˜í•´ ì£¼ìž,2024-12-05
https://www.youtube.com/watch?v=Q7R8P_HuQ-M,ìƒì¶• ì¹¨ì°©ë§¨,2024-12-05
https://www.youtube.com/watch?v=Q7R8P_HuQ-M,ì—­ì‹œ ê³¼í•™ìžëŠ” ëŒ€ë‹¨í•´,2024-12-05
https://www.youtube.com/watch?v=Q7R8P_HuQ-M,ì¹¨ê·¸ë…¸ë²¨ ì–´ì›Œì¦ˆë„ ìž¬ë°Œì„ ê²ƒ ê°™ë„¤ìš”.,2024-12-05
https://www.youtube.com/watch?v=Q7R8P_HuQ-M,ìƒì¼ ì¶•í•˜ðŸŽ‰ êµ³ë³‘ê±´ë±‰ì¢…ìˆ˜!ðŸŽ‰,2024-12-05
https://www.youtube.com/watch?v=Q7R8P_HuQ-M,ë‚˜ì˜¤ëŠ” ìžë£Œë“¤ ã…‹ã…‹ã…‹ã…‹,2024-12-05
https://www.youtube.com/watch?v=Q7R8P_HuQ-M,ìŒë‹´íŒ¨ì„¤í•  ë•Œ ë„íŒŒë¯¼ì´ í„°ì§€ëŠ” ê¶¤ë„ì¿ í¼ ë°•ì‚¬ë‹˜,2024-12-05
https://www.youtube.com/watch?v=Q7R8P_HuQ-M,ì•¼ ì˜¤ëŠ˜ íŒì˜¾ì¹´íŽ˜ ë³´ë‹ˆê¹Œ ì¹´ë”ê°€ë“  ëœ¨ê³  ë‹¤ ë³´ë‹ˆê¹Œ ì´ê·¸ë…¸ë²¨ê¹Œì§€ ë­” ì •ì‹ì´ ì°¨ë ¤ì ¸ ìžˆë„¤,2024-12-05
https://www.youtube.com/watch?v=Q7R8P_HuQ-M,ë‚˜ì´ìŠ¤,2024-12-05
https://www.youtube.com/watch?v=Q7R8P_HuQ-M,í˜¸ìƒ ã…‹ã…‹ã…‹ã…‹ã…‹ã…‹ ì•—...,2024-12-05
https://www.youtube.com/watch?v=Q7R8P_HuQ-M,ì§„ì§œ ìœ¼ë©”ì´ì§• í•˜ë„¤ì—¬,2024-12-05
https://www.youtube.com/watch?v=Q7R8P_HuQ-M,ì˜¾ì¹´íŽ˜ìƒë„ ë„£ì–´ì£¼ì„¸ìš”,2024-12-05
https://www.youtube.com/watch?v=Q7R8P_HuQ-M,ë¯¸ì¹œ ê°œë”±ë”±í•œ ë¹µì€ ì´ê·¸ë…¸ë²¨ìƒ ë°›ì„ë§Œí•˜ì§€,2024-12-05
https://www.youtube.com/watch?v=Q7R8P_HuQ-M,ìƒì¼ì¶•í•˜í•´ìš” ë³‘ê±´ì“°~~ðŸŽ‰ðŸŽ‰ðŸŽ‰,2024-12-05
https://www.youtube.com/watch?v=Q7R8P_HuQ-M,ì¸ë„¤ì¼ì— ë³‘ê±´ë§¨ ì™œ ì§€ì³ë³´ì´ì§€..? ã…‹ã…‹ã…‹,2024-12-05
https://www.youtube.com/watch?v=Q7R8P_HuQ-M,ã…Šã…‹ã…Šã…‹,2024-12-05
https://www.youtube.com/watch?v=Q7R8P_HuQ-M,êµ¿ðŸŽ‰ðŸŽ‰,2024-12-05
https://www.youtube.com/watch?v=Q7R8P_HuQ-M,"31:27 ì¸í„°ìŠ¤í…”ë¼ ì¿ í¼ ë°•ì‚¬ë‹˜ ë§ˆì¤‘ ë‚˜ì˜¨ ì´ì•¼ê¸°
1:08:15 ""ê·¸ë ‡ê²Œ ì•ˆ ì“°ì—¬ ìžˆì–´ìš”""",2024-12-05
https://www.youtube.com/watch?v=Q7R8P_HuQ-M,ã……ã……ã……,2024-12-05
https://www.youtube.com/watch?v=Q7R8P_HuQ-M,ìƒì¶•ìš”,2024-12-05
https://www.youtube.com/watch?v=Q7R8P_HuQ-M,ã…‹ã…‹ã…‹ã…‹ã…‹,2024-12-05
https://www.youtube.com/watch?v=Q7R8P_HuQ-M,ã……ã…Š,2024-12-05
https://www.youtube.com/watch?v=Q7R8P_HuQ-M,ì—ì´ê·¸ë…¸ë²¨ìƒ ì´ë³‘ê±´,2024-12-05
https://www.youtube.com/watch?v=Q7R8P_HuQ-M,"ì´ê·¸ë…¸ë²¨ ê¸°ìƒí•™ìƒ ""ê¶¤ë„ê°€ íœ©ì“¸ê³  ë‚œ ë’¤ì˜ ë³‘ê±´ì´ì˜ ë¨¸ë¦¬í„¸ ìˆ˜ë¥¼ ë³´ê³  íŒë‹¨í•˜ëŠ” ë³‘ê±´ì´ì˜ í˜„ìž¬ ìƒíƒœ ì—°êµ¬""",2024-12-05
https://www.youtube.com/watch?v=Q7R8P_HuQ-M,ë³‘ê±´ì•„ ìƒì¼ì¶•í•˜í•˜ê³  ê¸°ë¶€ ê³ ë§™ë‹¤~~ðŸŽ‰ðŸŽ‰ðŸŽ‰,2024-12-05
https://www.youtube.com/watch?v=Q7R8P_HuQ-M,"ì–´ì œëž‘ ì¸ë„¤ì¼ ì˜¨ë„ì°¨ ë­ìž„??
ì¹¨íˆ¬ë¶€ ì–´ì›Œì¦ˆ íŠ¸ë¡œí”¼ë¥¼ ê°ˆêµ¬í•˜ë‹¤ê°€
ë³¸ì¸ì´ íŠ¸ë¡œí”¼ê°€ ë˜ì–´ë²„ë¦° ê¶¤ë„ã…‹ã…‹ã…‹",2024-12-05
https://www.youtube.com/watch?v=Q7R8P_HuQ-M,ì¹¨í•˜,2024-12-05
https://www.youtube.com/watch?v=Q7R8P_HuQ-M,ã‚¤ã‚°ã€ãƒŽãƒ¼ãƒ™ãƒ«ã•ã‚“,2024-12-05
https://www.youtube.com/watch?v=Q7R8P_HuQ-M,ê¶¤ë„ì¿ í¼ ë°•ì‚¬ê°€ ë…¸ë”±ì„ ê°€ì§€ê³ ì˜¬ ì˜ìƒ,2024-12-05
https://www.youtube.com/watch?v=Q7R8P_HuQ-M,STAYâ€¦ ì¹¨â€¦,2024-12-05
https://www.youtube.com/watch?v=Q7R8P_HuQ-M,"ì²«ì§¸, ìƒì¼ì„ ì¶•í•˜í—™ë‹ˆë‹¤ìž‰~",2024-12-05
https://www.youtube.com/watch?v=Q7R8P_HuQ-M,ê°œì²­ìžë“¤ í–‰ë³µí•˜ê²Œ í•´ì¤€ ë§Œí¼ í–‰ë³µí•˜ë ´~,2024-12-05
https://www.youtube.com/watch?v=Q7R8P_HuQ-M,í¥ ë‚˜ëŠ” ìƒì¼ ì•ˆì¶•í•˜í•´,2024-12-05
https://www.youtube.com/watch?v=Q7R8P_HuQ-M,"íƒœì–´ë‚˜ì¤˜ì„œ ê³ ë§™ì†Œ
ë‚˜ì˜ ìœ ë¹„
ë‚˜ì˜ ê´€ìš°
ë‚˜ì˜ ìž¥ë¹„
ë‚˜ì˜ ëšœì”¨",2024-12-05
https://www.youtube.com/watch?v=Q7R8P_HuQ-M,ì—„ì²­ ê¸°ë‹¤ë ¸ë‹¤..,2024-12-05
https://www.youtube.com/watch?v=Q7R8P_HuQ-M,ê¶¤ë„ì¿ í¼ ë³¸ìƒ‰ì„ ë“œëŸ¬ëƒˆêµ¬ë‚˜ ã…‹ã…‹,2024-12-05
https://www.youtube.com/watch?v=Q7R8P_HuQ-M,í† ë¹„ ì–µê³¼ì´ì–´,2024-12-05
https://www.youtube.com/watch?v=Q7R8P_HuQ-M,ã…‹ã…‹ã…‹ã…‹ã…‹,2024-12-05
https://www.youtube.com/watch?v=Q7R8P_HuQ-M,ìƒì¼ ë‚  ì˜¬ë ¤ì£¼ëŠ” ê¶¤ë„íŠ¹ê°• ê°ì‚¬í•˜ë‹¤ ~,2024-12-05
https://www.youtube.com/watch?v=Q7R8P_HuQ-M,ê°€ì¦ˆì•„ ì´ê·¸ë…¸ë²¨,2024-12-05
https://www.youtube.com/watch?v=Q7R8P_HuQ-M,ìƒì¼ ì¶•í•˜í•©ë‹ˆë‹¤~~~>_<ðŸŽ‰ðŸŽ‰ðŸŽ‰,2024-12-05
https://www.youtube.com/watch?v=Q7R8P_HuQ-M,ðŸŽ‰ðŸŽ‰ðŸŽ‰ðŸŽ‰ðŸŽ‰ðŸŽ‰,2024-12-05
https://www.youtube.com/watch?v=Q7R8P_HuQ-M,í˜• ìƒì¼ì¶•í•˜í•´ðŸŽ‰ðŸŽ‰,2024-12-05
https://www.youtube.com/watch?v=Q7R8P_HuQ-M,ìƒì¶•~,2024-12-05
https://www.youtube.com/watch?v=Q7R8P_HuQ-M,ê·¸ê°€ ëŒì•„ì™”ë‹¤ ì¹¨íˆ¬ë¶€ì˜ ì „ì„¤...,2024-12-05
https://www.youtube.com/watch?v=Q7R8P_HuQ-M,ë³‘ê±´ì´ê°€ ìš¸ì§€ë„ì•Šê³  ìƒì¼ì— ê¸°íŠ¹í•˜ë„¤~,2024-12-05
https://www.youtube.com/watch?v=Q7R8P_HuQ-M,ê³ ë¬¸ ê³ ë¬¸~,2024-12-05
https://www.youtube.com/watch?v=Q7R8P_HuQ-M,ë³‘ê±´ì•„ ë‚˜ ìž¥í‰ì´ˆ ë¯¼ìš°ì¤€ì¸ë° ìƒì¼ ì¶•í•˜í•œë‹¤,2024-12-05
https://www.youtube.com/watch?v=Q7R8P_HuQ-M,ã…‡ã…Ž,2024-12-05
https://www.youtube.com/watch?v=Q7R8P_HuQ-M,ê³„ì—„ë ¹ í•´ì œí•˜ëŠ” ì†ë„ë¡œ ë‹¬ë ¤ì™”ìŠµë‹ˆë‹¤,2024-12-05
https://www.youtube.com/watch?v=Q7R8P_HuQ-M,ë³‘ê±´ì•„ ìƒì¼ì¶•í•˜í•œë‹¤,2024-12-05
https://www.youtube.com/watch?v=Q7R8P_HuQ-M,ì™€ ìž¬ë°Œë‹¤,2024-12-05
https://www.youtube.com/watch?v=Q7R8P_HuQ-M,ì™€ ëŒ“ê¸€ì´ 2ê°œë°–ì— ì—†ì–´ ã„·ã„·,2024-12-05
https://www.youtube.com/watch?v=Q7R8P_HuQ-M,ê³„ì—„í•´ì œë˜ëŠ” ì†ë„ë¡œ ë‹¬ë ¤ì™”ìë‹ˆë‹¤.. ì½°ìš± ..!,2024-12-05
https://www.youtube.com/watch?v=Q7R8P_HuQ-M,2,2024-12-05
https://www.youtube.com/watch?v=Q7R8P_HuQ-M,ìƒì¼ì¶•í•˜í•´ìš” ë³‘ê±´ë§¨ ~,2024-12-05
https://www.youtube.com/watch?v=Q7R8P_HuQ-M,2,2024-12-05
https://www.youtube.com/watch?v=Q7R8P_HuQ-M,,2024-12-05
https://www.youtube.com/watch?v=Q7R8P_HuQ-M,`1,2024-12-05
